"1466093253364","0",":app:preBuild","true","false","true","2","2016-06-16T16:07:33,364Z","Intel(R) Core(TM) i5-3210M CPU @ 2.50GHz","8589934592","Mac OS X 10.10.5 x86_64"
"1466093253364","1",":app:preEnv_testDebugBuild","true","false","true","2","2016-06-16T16:07:33,364Z","Intel(R) Core(TM) i5-3210M CPU @ 2.50GHz","8589934592","Mac OS X 10.10.5 x86_64"
"1466093253364","2",":app:checkEnv_testDebugManifest","true","true","false","3","2016-06-16T16:07:33,364Z","Intel(R) Core(TM) i5-3210M CPU @ 2.50GHz","8589934592","Mac OS X 10.10.5 x86_64"
"1466093253364","3",":app:preEnv_prodDebugBuild","true","false","true","1","2016-06-16T16:07:33,364Z","Intel(R) Core(TM) i5-3210M CPU @ 2.50GHz","8589934592","Mac OS X 10.10.5 x86_64"
"1466093253364","4",":app:preEnv_prodReleaseBuild","true","false","true","1","2016-06-16T16:07:33,364Z","Intel(R) Core(TM) i5-3210M CPU @ 2.50GHz","8589934592","Mac OS X 10.10.5 x86_64"
"1466093253364","5",":app:preEnv_testReleaseBuild","true","false","true","1","2016-06-16T16:07:33,364Z","Intel(R) Core(TM) i5-3210M CPU @ 2.50GHz","8589934592","Mac OS X 10.10.5 x86_64"
"1466093253364","6",":app:prepareCatErezaCustomactivityoncrash150Library","true","false","true","8","2016-06-16T16:07:33,364Z","Intel(R) Core(TM) i5-3210M CPU @ 2.50GHz","8589934592","Mac OS X 10.10.5 x86_64"
"1466093253364","7",":app:prepareComAndroidDatabindingAdapters11Library","true","false","true","3","2016-06-16T16:07:33,364Z","Intel(R) Core(TM) i5-3210M CPU @ 2.50GHz","8589934592","Mac OS X 10.10.5 x86_64"
"1466093253364","8",":app:prepareComAndroidDatabindingLibrary11Library","true","false","true","7","2016-06-16T16:07:33,364Z","Intel(R) Core(TM) i5-3210M CPU @ 2.50GHz","8589934592","Mac OS X 10.10.5 x86_64"
"1466093253364","9",":app:prepareComAndroidSupportAnimatedVectorDrawable2340Library","true","false","true","3","2016-06-16T16:07:33,364Z","Intel(R) Core(TM) i5-3210M CPU @ 2.50GHz","8589934592","Mac OS X 10.10.5 x86_64"
"1466093253364","10",":app:prepareComAndroidSupportAppcompatV72340Library","true","false","true","36","2016-06-16T16:07:33,364Z","Intel(R) Core(TM) i5-3210M CPU @ 2.50GHz","8589934592","Mac OS X 10.10.5 x86_64"
"1466093253364","11",":app:prepareComAndroidSupportCardviewV72340Library","true","false","true","10","2016-06-16T16:07:33,364Z","Intel(R) Core(TM) i5-3210M CPU @ 2.50GHz","8589934592","Mac OS X 10.10.5 x86_64"
"1466093253364","12",":app:prepareComAndroidSupportDesign2340Library","true","false","true","22","2016-06-16T16:07:33,364Z","Intel(R) Core(TM) i5-3210M CPU @ 2.50GHz","8589934592","Mac OS X 10.10.5 x86_64"
"1466093253364","13",":app:prepareComAndroidSupportMultidex101Library","true","false","true","7","2016-06-16T16:07:33,364Z","Intel(R) Core(TM) i5-3210M CPU @ 2.50GHz","8589934592","Mac OS X 10.10.5 x86_64"
"1466093253364","14",":app:prepareComAndroidSupportRecyclerviewV72340Library","true","false","true","10","2016-06-16T16:07:33,364Z","Intel(R) Core(TM) i5-3210M CPU @ 2.50GHz","8589934592","Mac OS X 10.10.5 x86_64"
"1466093253364","15",":app:prepareComAndroidSupportSupportV42340Library","true","false","true","10","2016-06-16T16:07:33,364Z","Intel(R) Core(TM) i5-3210M CPU @ 2.50GHz","8589934592","Mac OS X 10.10.5 x86_64"
"1466093253364","16",":app:prepareComAndroidSupportSupportVectorDrawable2340Library","true","false","true","8","2016-06-16T16:07:33,364Z","Intel(R) Core(TM) i5-3210M CPU @ 2.50GHz","8589934592","Mac OS X 10.10.5 x86_64"
"1466093253364","17",":app:prepareComDevbracketsAndroidExomedia256Library","true","false","true","18","2016-06-16T16:07:33,364Z","Intel(R) Core(TM) i5-3210M CPU @ 2.50GHz","8589934592","Mac OS X 10.10.5 x86_64"
"1466093253364","18",":app:prepareComGetbaseFloatingactionbutton1101Library","true","false","true","3","2016-06-16T16:07:33,364Z","Intel(R) Core(TM) i5-3210M CPU @ 2.50GHz","8589934592","Mac OS X 10.10.5 x86_64"
"1466093253364","19",":app:prepareComGetkeepsafeRelinkerRelinker121Library","true","false","true","2","2016-06-16T16:07:33,364Z","Intel(R) Core(TM) i5-3210M CPU @ 2.50GHz","8589934592","Mac OS X 10.10.5 x86_64"
"1466093253364","20",":app:prepareComGithubAfollestadMaterialCameraAdb691d55fLibrary","true","false","true","4","2016-06-16T16:07:33,364Z","Intel(R) Core(TM) i5-3210M CPU @ 2.50GHz","8589934592","Mac OS X 10.10.5 x86_64"
"1466093253364","21",":app:prepareComGithubAfollestadMaterialDialogsCore0857Library","true","false","true","9","2016-06-16T16:07:33,364Z","Intel(R) Core(TM) i5-3210M CPU @ 2.50GHz","8589934592","Mac OS X 10.10.5 x86_64"
"1466093253364","22",":app:prepareComGithubAlamkanakAndroidWeekView126Library","true","false","true","2","2016-06-16T16:07:33,364Z","Intel(R) Core(TM) i5-3210M CPU @ 2.50GHz","8589934592","Mac OS X 10.10.5 x86_64"
"1466093253364","23",":app:prepareComGithubJaviersantosMaterialStyledDialogs13Library","true","false","true","3","2016-06-16T16:07:33,364Z","Intel(R) Core(TM) i5-3210M CPU @ 2.50GHz","8589934592","Mac OS X 10.10.5 x86_64"
"1466093253364","24",":app:prepareComGoogleAndroidExoplayerExoplayerR156Library","true","false","true","4","2016-06-16T16:07:33,364Z","Intel(R) Core(TM) i5-3210M CPU @ 2.50GHz","8589934592","Mac OS X 10.10.5 x86_64"
"1466093253364","25",":app:prepareComGoogleAndroidGmsPlayServicesBasement830Library","true","false","true","21","2016-06-16T16:07:33,364Z","Intel(R) Core(TM) i5-3210M CPU @ 2.50GHz","8589934592","Mac OS X 10.10.5 x86_64"
"1466093253364","26",":app:prepareComGoogleAndroidGmsPlayServicesMeasurement830Library","true","false","true","7","2016-06-16T16:07:33,364Z","Intel(R) Core(TM) i5-3210M CPU @ 2.50GHz","8589934592","Mac OS X 10.10.5 x86_64"
"1466093253364","27",":app:prepareComJakewhartonTimberTimber412Library","true","false","true","4","2016-06-16T16:07:33,364Z","Intel(R) Core(TM) i5-3210M CPU @ 2.50GHz","8589934592","Mac OS X 10.10.5 x86_64"
"1466093253364","28",":app:prepareComMikepenzFastadapter144Library","true","false","true","4","2016-06-16T16:07:33,364Z","Intel(R) Core(TM) i5-3210M CPU @ 2.50GHz","8589934592","Mac OS X 10.10.5 x86_64"
"1466093253364","29",":app:prepareComMikepenzFastadapterExtensions142Library","true","false","true","5","2016-06-16T16:07:33,364Z","Intel(R) Core(TM) i5-3210M CPU @ 2.50GHz","8589934592","Mac OS X 10.10.5 x86_64"
"1466093253364","30",":app:prepareComMikepenzFontawesomeTypeface4501Library","true","false","true","3","2016-06-16T16:07:33,364Z","Intel(R) Core(TM) i5-3210M CPU @ 2.50GHz","8589934592","Mac OS X 10.10.5 x86_64"
"1466093253364","31",":app:prepareComMikepenzGoogleMaterialTypeface2201OriginalLibrary","true","false","true","2","2016-06-16T16:07:33,364Z","Intel(R) Core(TM) i5-3210M CPU @ 2.50GHz","8589934592","Mac OS X 10.10.5 x86_64"
"1466093253364","32",":app:prepareComMikepenzIconicsCore2510Library","true","false","true","2","2016-06-16T16:07:33,364Z","Intel(R) Core(TM) i5-3210M CPU @ 2.50GHz","8589934592","Mac OS X 10.10.5 x86_64"
"1466093253364","33",":app:prepareComMikepenzMaterialDesignIconicTypeface2201Library","true","false","true","6","2016-06-16T16:07:33,364Z","Intel(R) Core(TM) i5-3210M CPU @ 2.50GHz","8589934592","Mac OS X 10.10.5 x86_64"
"1466093253364","34",":app:prepareComMikepenzMaterialdrawer518Library","true","false","true","8","2016-06-16T16:07:33,364Z","Intel(R) Core(TM) i5-3210M CPU @ 2.50GHz","8589934592","Mac OS X 10.10.5 x86_64"
"1466093253364","35",":app:prepareComMikepenzMaterialize088Library","true","false","true","3","2016-06-16T16:07:33,364Z","Intel(R) Core(TM) i5-3210M CPU @ 2.50GHz","8589934592","Mac OS X 10.10.5 x86_64"
"1466093253364","36",":app:prepareComMixpanelAndroidMixpanelAndroid431Library","true","false","true","12","2016-06-16T16:07:33,364Z","Intel(R) Core(TM) i5-3210M CPU @ 2.50GHz","8589934592","Mac OS X 10.10.5 x86_64"
"1466093253364","37",":app:prepareComSquareupAndroidTimesSquare165Library","true","false","true","3","2016-06-16T16:07:33,364Z","Intel(R) Core(TM) i5-3210M CPU @ 2.50GHz","8589934592","Mac OS X 10.10.5 x86_64"
"1466093253364","38",":app:prepareComSquareupLeakcanaryLeakcanaryAndroid14Beta2Library","true","false","true","6","2016-06-16T16:07:33,364Z","Intel(R) Core(TM) i5-3210M CPU @ 2.50GHz","8589934592","Mac OS X 10.10.5 x86_64"
"1466093253364","39",":app:prepareIoReactivexRxandroid110Library","true","false","true","4","2016-06-16T16:07:33,364Z","Intel(R) Core(TM) i5-3210M CPU @ 2.50GHz","8589934592","Mac OS X 10.10.5 x86_64"
"1466093253364","40",":app:prepareIoRealmRealmAndroidLibrary100Library","true","false","true","6","2016-06-16T16:07:33,364Z","Intel(R) Core(TM) i5-3210M CPU @ 2.50GHz","8589934592","Mac OS X 10.10.5 x86_64"
"1466093253364","41",":app:prepareMeZhanghaiAndroidMaterialprogressbarLibrary115Library","true","false","true","13","2016-06-16T16:07:33,364Z","Intel(R) Core(TM) i5-3210M CPU @ 2.50GHz","8589934592","Mac OS X 10.10.5 x86_64"
"1466093253364","42",":app:prepareNetGotevUploadservice21Library","true","false","true","5","2016-06-16T16:07:33,364Z","Intel(R) Core(TM) i5-3210M CPU @ 2.50GHz","8589934592","Mac OS X 10.10.5 x86_64"
"1466093253364","43",":app:prepareNetGotevUploadserviceOkhttp21Library","true","false","true","9","2016-06-16T16:07:33,364Z","Intel(R) Core(TM) i5-3210M CPU @ 2.50GHz","8589934592","Mac OS X 10.10.5 x86_64"
"1466093253364","44",":app:prepareEnv_testDebugDependencies","true","true","false","2","2016-06-16T16:07:33,364Z","Intel(R) Core(TM) i5-3210M CPU @ 2.50GHz","8589934592","Mac OS X 10.10.5 x86_64"
"1466093253364","45",":app:compileEnv_testDebugAidl","true","false","true","44","2016-06-16T16:07:33,364Z","Intel(R) Core(TM) i5-3210M CPU @ 2.50GHz","8589934592","Mac OS X 10.10.5 x86_64"
"1466093253364","46",":app:compileEnv_testDebugRenderscript","true","false","true","16","2016-06-16T16:07:33,364Z","Intel(R) Core(TM) i5-3210M CPU @ 2.50GHz","8589934592","Mac OS X 10.10.5 x86_64"
"1466093253364","47",":app:generateEnv_testDebugBuildConfig","true","false","true","2","2016-06-16T16:07:33,364Z","Intel(R) Core(TM) i5-3210M CPU @ 2.50GHz","8589934592","Mac OS X 10.10.5 x86_64"
"1466093253364","48",":app:generateEnv_testDebugResValues","true","false","true","7","2016-06-16T16:07:33,364Z","Intel(R) Core(TM) i5-3210M CPU @ 2.50GHz","8589934592","Mac OS X 10.10.5 x86_64"
"1466093253364","49",":app:processEnv_testDebugGoogleServices","true","true","false","16","2016-06-16T16:07:33,364Z","Intel(R) Core(TM) i5-3210M CPU @ 2.50GHz","8589934592","Mac OS X 10.10.5 x86_64"
"1466093253364","50",":app:generateEnv_testDebugResources","true","false","false","0","2016-06-16T16:07:33,364Z","Intel(R) Core(TM) i5-3210M CPU @ 2.50GHz","8589934592","Mac OS X 10.10.5 x86_64"
"1466093253364","51",":app:mergeEnv_testDebugResources","true","false","true","422","2016-06-16T16:07:33,364Z","Intel(R) Core(TM) i5-3210M CPU @ 2.50GHz","8589934592","Mac OS X 10.10.5 x86_64"
"1466093253364","52",":app:dataBindingProcessLayoutsEnv_testDebug","true","false","true","201","2016-06-16T16:07:33,364Z","Intel(R) Core(TM) i5-3210M CPU @ 2.50GHz","8589934592","Mac OS X 10.10.5 x86_64"
"1466093253364","53",":app:mergeEnv_testDebugShaders","true","false","true","6","2016-06-16T16:07:33,364Z","Intel(R) Core(TM) i5-3210M CPU @ 2.50GHz","8589934592","Mac OS X 10.10.5 x86_64"
"1466093253364","54",":app:compileEnv_testDebugShaders","true","false","true","3","2016-06-16T16:07:33,364Z","Intel(R) Core(TM) i5-3210M CPU @ 2.50GHz","8589934592","Mac OS X 10.10.5 x86_64"
"1466093253364","55",":app:generateEnv_testDebugAssets","true","false","true","0","2016-06-16T16:07:33,364Z","Intel(R) Core(TM) i5-3210M CPU @ 2.50GHz","8589934592","Mac OS X 10.10.5 x86_64"
"1466093253364","56",":app:mergeEnv_testDebugAssets","true","false","true","12","2016-06-16T16:07:33,364Z","Intel(R) Core(TM) i5-3210M CPU @ 2.50GHz","8589934592","Mac OS X 10.10.5 x86_64"
"1466093253364","57",":app:processEnv_testDebugManifest","true","false","true","12","2016-06-16T16:07:33,364Z","Intel(R) Core(TM) i5-3210M CPU @ 2.50GHz","8589934592","Mac OS X 10.10.5 x86_64"
"1466093253364","58",":app:processEnv_testDebugResources","true","false","true","42","2016-06-16T16:07:33,364Z","Intel(R) Core(TM) i5-3210M CPU @ 2.50GHz","8589934592","Mac OS X 10.10.5 x86_64"
"1466093253364","59",":app:generateEnv_testDebugSources","true","false","true","1","2016-06-16T16:07:33,364Z","Intel(R) Core(TM) i5-3210M CPU @ 2.50GHz","8589934592","Mac OS X 10.10.5 x86_64"
"1466093253364","60",":app:preEnv_testDebugAndroidTestBuild","true","false","true","1","2016-06-16T16:07:33,364Z","Intel(R) Core(TM) i5-3210M CPU @ 2.50GHz","8589934592","Mac OS X 10.10.5 x86_64"
"1466093253364","61",":app:preEnv_prodDebugAndroidTestBuild","true","false","true","1","2016-06-16T16:07:33,364Z","Intel(R) Core(TM) i5-3210M CPU @ 2.50GHz","8589934592","Mac OS X 10.10.5 x86_64"
"1466093253364","62",":app:prepareComAndroidSupportMultidexInstrumentation101Library","true","false","true","2","2016-06-16T16:07:33,364Z","Intel(R) Core(TM) i5-3210M CPU @ 2.50GHz","8589934592","Mac OS X 10.10.5 x86_64"
"1466093253364","63",":app:prepareComSquareupAssertjAssertjAndroid100Library","true","false","true","2","2016-06-16T16:07:33,364Z","Intel(R) Core(TM) i5-3210M CPU @ 2.50GHz","8589934592","Mac OS X 10.10.5 x86_64"
"1466093253364","64",":app:prepareComSquareupAssertjAssertjAndroidAppcompatV7100Library","true","false","true","2","2016-06-16T16:07:33,364Z","Intel(R) Core(TM) i5-3210M CPU @ 2.50GHz","8589934592","Mac OS X 10.10.5 x86_64"
"1466093253364","65",":app:prepareComSquareupAssertjAssertjAndroidSupportV4100Library","true","false","true","3","2016-06-16T16:07:33,364Z","Intel(R) Core(TM) i5-3210M CPU @ 2.50GHz","8589934592","Mac OS X 10.10.5 x86_64"
"1466093253364","66",":app:prepareEnv_testDebugAndroidTestDependencies","true","true","false","1","2016-06-16T16:07:33,364Z","Intel(R) Core(TM) i5-3210M CPU @ 2.50GHz","8589934592","Mac OS X 10.10.5 x86_64"
"1466093253364","67",":app:compileEnv_testDebugAndroidTestAidl","true","false","true","7","2016-06-16T16:07:33,364Z","Intel(R) Core(TM) i5-3210M CPU @ 2.50GHz","8589934592","Mac OS X 10.10.5 x86_64"
"1466093253364","68",":app:processEnv_testDebugAndroidTestManifest","true","false","true","3","2016-06-16T16:07:33,364Z","Intel(R) Core(TM) i5-3210M CPU @ 2.50GHz","8589934592","Mac OS X 10.10.5 x86_64"
"1466093253364","69",":app:compileEnv_testDebugAndroidTestRenderscript","true","false","true","10","2016-06-16T16:07:33,364Z","Intel(R) Core(TM) i5-3210M CPU @ 2.50GHz","8589934592","Mac OS X 10.10.5 x86_64"
"1466093253364","70",":app:generateEnv_testDebugAndroidTestBuildConfig","true","false","true","3","2016-06-16T16:07:33,364Z","Intel(R) Core(TM) i5-3210M CPU @ 2.50GHz","8589934592","Mac OS X 10.10.5 x86_64"
"1466093253364","71",":app:generateEnv_testDebugAndroidTestResValues","true","false","true","5","2016-06-16T16:07:33,364Z","Intel(R) Core(TM) i5-3210M CPU @ 2.50GHz","8589934592","Mac OS X 10.10.5 x86_64"
"1466093253364","72",":app:generateEnv_testDebugAndroidTestResources","true","false","true","1","2016-06-16T16:07:33,364Z","Intel(R) Core(TM) i5-3210M CPU @ 2.50GHz","8589934592","Mac OS X 10.10.5 x86_64"
"1466093253364","73",":app:mergeEnv_testDebugAndroidTestResources","true","false","true","23","2016-06-16T16:07:33,364Z","Intel(R) Core(TM) i5-3210M CPU @ 2.50GHz","8589934592","Mac OS X 10.10.5 x86_64"
"1466093253364","74",":app:dataBindingProcessLayoutsEnv_testDebugAndroidTest","true","false","true","5","2016-06-16T16:07:33,364Z","Intel(R) Core(TM) i5-3210M CPU @ 2.50GHz","8589934592","Mac OS X 10.10.5 x86_64"
"1466093253364","75",":app:mergeEnv_testDebugAndroidTestShaders","true","false","true","3","2016-06-16T16:07:33,364Z","Intel(R) Core(TM) i5-3210M CPU @ 2.50GHz","8589934592","Mac OS X 10.10.5 x86_64"
"1466093253364","76",":app:compileEnv_testDebugAndroidTestShaders","true","false","true","16","2016-06-16T16:07:33,364Z","Intel(R) Core(TM) i5-3210M CPU @ 2.50GHz","8589934592","Mac OS X 10.10.5 x86_64"
"1466093253364","77",":app:generateEnv_testDebugAndroidTestAssets","true","false","true","1","2016-06-16T16:07:33,364Z","Intel(R) Core(TM) i5-3210M CPU @ 2.50GHz","8589934592","Mac OS X 10.10.5 x86_64"
"1466093253364","78",":app:mergeEnv_testDebugAndroidTestAssets","true","false","true","7","2016-06-16T16:07:33,364Z","Intel(R) Core(TM) i5-3210M CPU @ 2.50GHz","8589934592","Mac OS X 10.10.5 x86_64"
"1466093253364","79",":app:processEnv_testDebugAndroidTestResources","true","false","true","9","2016-06-16T16:07:33,364Z","Intel(R) Core(TM) i5-3210M CPU @ 2.50GHz","8589934592","Mac OS X 10.10.5 x86_64"
"1466093253364","80",":app:generateEnv_testDebugAndroidTestSources","true","false","true","1","2016-06-16T16:07:33,364Z","Intel(R) Core(TM) i5-3210M CPU @ 2.50GHz","8589934592","Mac OS X 10.10.5 x86_64"
"1466093253364","81",":app:preEnv_testDebugUnitTestBuild","true","false","true","1","2016-06-16T16:07:33,364Z","Intel(R) Core(TM) i5-3210M CPU @ 2.50GHz","8589934592","Mac OS X 10.10.5 x86_64"
"1466093253364","82",":app:preEnv_prodDebugUnitTestBuild","true","false","true","0","2016-06-16T16:07:33,364Z","Intel(R) Core(TM) i5-3210M CPU @ 2.50GHz","8589934592","Mac OS X 10.10.5 x86_64"
"1466093253364","83",":app:prepareComSquareupLeakcanaryLeakcanaryAndroidNoOp14Beta2Library","true","false","true","2","2016-06-16T16:07:33,364Z","Intel(R) Core(TM) i5-3210M CPU @ 2.50GHz","8589934592","Mac OS X 10.10.5 x86_64"
"1466093253364","84",":app:prepareEnv_testDebugUnitTestDependencies","true","true","false","2","2016-06-16T16:07:33,364Z","Intel(R) Core(TM) i5-3210M CPU @ 2.50GHz","8589934592","Mac OS X 10.10.5 x86_64"
"1466093253364","85",":app:mockableAndroidJar","true","false","true","2","2016-06-16T16:07:33,364Z","Intel(R) Core(TM) i5-3210M CPU @ 2.50GHz","8589934592","Mac OS X 10.10.5 x86_64"
"1466093922260","0",":app:preBuild","true","false","true","4","2016-06-16T16:18:42,260Z","Intel(R) Core(TM) i5-3210M CPU @ 2.50GHz","8589934592","Mac OS X 10.10.5 x86_64"
"1466093922260","1",":app:preEnv_testDebugBuild","true","false","true","6","2016-06-16T16:18:42,260Z","Intel(R) Core(TM) i5-3210M CPU @ 2.50GHz","8589934592","Mac OS X 10.10.5 x86_64"
"1466093922260","2",":app:checkEnv_testDebugManifest","true","true","false","3","2016-06-16T16:18:42,260Z","Intel(R) Core(TM) i5-3210M CPU @ 2.50GHz","8589934592","Mac OS X 10.10.5 x86_64"
"1466093922260","3",":app:preEnv_prodDebugBuild","true","false","true","2","2016-06-16T16:18:42,260Z","Intel(R) Core(TM) i5-3210M CPU @ 2.50GHz","8589934592","Mac OS X 10.10.5 x86_64"
"1466093922260","4",":app:preEnv_prodReleaseBuild","true","false","true","1","2016-06-16T16:18:42,260Z","Intel(R) Core(TM) i5-3210M CPU @ 2.50GHz","8589934592","Mac OS X 10.10.5 x86_64"
"1466093922260","5",":app:preEnv_testReleaseBuild","true","false","true","1","2016-06-16T16:18:42,260Z","Intel(R) Core(TM) i5-3210M CPU @ 2.50GHz","8589934592","Mac OS X 10.10.5 x86_64"
"1466093922260","6",":app:prepareCatErezaCustomactivityoncrash150Library","true","false","true","18","2016-06-16T16:18:42,260Z","Intel(R) Core(TM) i5-3210M CPU @ 2.50GHz","8589934592","Mac OS X 10.10.5 x86_64"
"1466093922260","7",":app:prepareComAndroidDatabindingAdapters11Library","true","false","true","5","2016-06-16T16:18:42,260Z","Intel(R) Core(TM) i5-3210M CPU @ 2.50GHz","8589934592","Mac OS X 10.10.5 x86_64"
"1466093922260","8",":app:prepareComAndroidDatabindingLibrary11Library","true","false","true","7","2016-06-16T16:18:42,260Z","Intel(R) Core(TM) i5-3210M CPU @ 2.50GHz","8589934592","Mac OS X 10.10.5 x86_64"
"1466093922260","9",":app:prepareComAndroidSupportAnimatedVectorDrawable2340Library","true","false","true","7","2016-06-16T16:18:42,260Z","Intel(R) Core(TM) i5-3210M CPU @ 2.50GHz","8589934592","Mac OS X 10.10.5 x86_64"
"1466093922260","10",":app:prepareComAndroidSupportAppcompatV72340Library","true","false","true","65","2016-06-16T16:18:42,260Z","Intel(R) Core(TM) i5-3210M CPU @ 2.50GHz","8589934592","Mac OS X 10.10.5 x86_64"
"1466093922260","11",":app:prepareComAndroidSupportCardviewV72340Library","true","false","true","10","2016-06-16T16:18:42,260Z","Intel(R) Core(TM) i5-3210M CPU @ 2.50GHz","8589934592","Mac OS X 10.10.5 x86_64"
"1466093922260","12",":app:prepareComAndroidSupportDesign2340Library","true","false","true","9","2016-06-16T16:18:42,260Z","Intel(R) Core(TM) i5-3210M CPU @ 2.50GHz","8589934592","Mac OS X 10.10.5 x86_64"
"1466093922260","13",":app:prepareComAndroidSupportMultidex101Library","true","false","true","30","2016-06-16T16:18:42,260Z","Intel(R) Core(TM) i5-3210M CPU @ 2.50GHz","8589934592","Mac OS X 10.10.5 x86_64"
"1466093922260","14",":app:prepareComAndroidSupportRecyclerviewV72340Library","true","false","true","5","2016-06-16T16:18:42,260Z","Intel(R) Core(TM) i5-3210M CPU @ 2.50GHz","8589934592","Mac OS X 10.10.5 x86_64"
"1466093922260","15",":app:prepareComAndroidSupportSupportV42340Library","true","false","true","17","2016-06-16T16:18:42,260Z","Intel(R) Core(TM) i5-3210M CPU @ 2.50GHz","8589934592","Mac OS X 10.10.5 x86_64"
"1466093922260","16",":app:prepareComAndroidSupportSupportVectorDrawable2340Library","true","false","true","5","2016-06-16T16:18:42,260Z","Intel(R) Core(TM) i5-3210M CPU @ 2.50GHz","8589934592","Mac OS X 10.10.5 x86_64"
"1466093922260","17",":app:prepareComDevbracketsAndroidExomedia256Library","true","false","true","41","2016-06-16T16:18:42,260Z","Intel(R) Core(TM) i5-3210M CPU @ 2.50GHz","8589934592","Mac OS X 10.10.5 x86_64"
"1466093922260","18",":app:prepareComGetbaseFloatingactionbutton1101Library","true","false","true","9","2016-06-16T16:18:42,260Z","Intel(R) Core(TM) i5-3210M CPU @ 2.50GHz","8589934592","Mac OS X 10.10.5 x86_64"
"1466093922260","19",":app:prepareComGetkeepsafeRelinkerRelinker121Library","true","false","true","6","2016-06-16T16:18:42,260Z","Intel(R) Core(TM) i5-3210M CPU @ 2.50GHz","8589934592","Mac OS X 10.10.5 x86_64"
"1466093922260","20",":app:prepareComGithubAfollestadMaterialCameraAdb691d55fLibrary","true","false","true","13","2016-06-16T16:18:42,260Z","Intel(R) Core(TM) i5-3210M CPU @ 2.50GHz","8589934592","Mac OS X 10.10.5 x86_64"
"1466093922260","21",":app:prepareComGithubAfollestadMaterialDialogsCore0857Library","true","false","true","16","2016-06-16T16:18:42,260Z","Intel(R) Core(TM) i5-3210M CPU @ 2.50GHz","8589934592","Mac OS X 10.10.5 x86_64"
"1466093922260","22",":app:prepareComGithubAlamkanakAndroidWeekView126Library","true","false","true","79","2016-06-16T16:18:42,260Z","Intel(R) Core(TM) i5-3210M CPU @ 2.50GHz","8589934592","Mac OS X 10.10.5 x86_64"
"1466093922260","23",":app:prepareComGithubJaviersantosMaterialStyledDialogs13Library","true","false","true","45","2016-06-16T16:18:42,260Z","Intel(R) Core(TM) i5-3210M CPU @ 2.50GHz","8589934592","Mac OS X 10.10.5 x86_64"
"1466093922260","24",":app:prepareComGoogleAndroidExoplayerExoplayerR156Library","true","false","true","6","2016-06-16T16:18:42,260Z","Intel(R) Core(TM) i5-3210M CPU @ 2.50GHz","8589934592","Mac OS X 10.10.5 x86_64"
"1466093922260","25",":app:prepareComGoogleAndroidGmsPlayServicesBasement830Library","true","false","true","38","2016-06-16T16:18:42,260Z","Intel(R) Core(TM) i5-3210M CPU @ 2.50GHz","8589934592","Mac OS X 10.10.5 x86_64"
"1466093922260","26",":app:prepareComGoogleAndroidGmsPlayServicesMeasurement830Library","true","false","true","3","2016-06-16T16:18:42,260Z","Intel(R) Core(TM) i5-3210M CPU @ 2.50GHz","8589934592","Mac OS X 10.10.5 x86_64"
"1466093922260","27",":app:prepareComJakewhartonHugoHugoRuntime121Library","true","true","false","491","2016-06-16T16:18:42,260Z","Intel(R) Core(TM) i5-3210M CPU @ 2.50GHz","8589934592","Mac OS X 10.10.5 x86_64"
"1466093922260","28",":app:prepareComJakewhartonTimberTimber412Library","true","false","true","7","2016-06-16T16:18:42,260Z","Intel(R) Core(TM) i5-3210M CPU @ 2.50GHz","8589934592","Mac OS X 10.10.5 x86_64"
"1466093922260","29",":app:prepareComMikepenzFastadapter144Library","true","false","true","6","2016-06-16T16:18:42,260Z","Intel(R) Core(TM) i5-3210M CPU @ 2.50GHz","8589934592","Mac OS X 10.10.5 x86_64"
"1466093922260","30",":app:prepareComMikepenzFastadapterExtensions142Library","true","false","true","11","2016-06-16T16:18:42,260Z","Intel(R) Core(TM) i5-3210M CPU @ 2.50GHz","8589934592","Mac OS X 10.10.5 x86_64"
"1466093922260","31",":app:prepareComMikepenzFontawesomeTypeface4501Library","true","false","true","17","2016-06-16T16:18:42,260Z","Intel(R) Core(TM) i5-3210M CPU @ 2.50GHz","8589934592","Mac OS X 10.10.5 x86_64"
"1466093922260","32",":app:prepareComMikepenzGoogleMaterialTypeface2201OriginalLibrary","true","false","true","19","2016-06-16T16:18:42,260Z","Intel(R) Core(TM) i5-3210M CPU @ 2.50GHz","8589934592","Mac OS X 10.10.5 x86_64"
"1466093922260","33",":app:prepareComMikepenzIconicsCore2510Library","true","false","true","12","2016-06-16T16:18:42,260Z","Intel(R) Core(TM) i5-3210M CPU @ 2.50GHz","8589934592","Mac OS X 10.10.5 x86_64"
"1466093922260","34",":app:prepareComMikepenzMaterialDesignIconicTypeface2201Library","true","false","true","11","2016-06-16T16:18:42,260Z","Intel(R) Core(TM) i5-3210M CPU @ 2.50GHz","8589934592","Mac OS X 10.10.5 x86_64"
"1466093922260","35",":app:prepareComMikepenzMaterialdrawer518Library","true","false","true","20","2016-06-16T16:18:42,260Z","Intel(R) Core(TM) i5-3210M CPU @ 2.50GHz","8589934592","Mac OS X 10.10.5 x86_64"
"1466093922260","36",":app:prepareComMikepenzMaterialize088Library","true","false","true","14","2016-06-16T16:18:42,260Z","Intel(R) Core(TM) i5-3210M CPU @ 2.50GHz","8589934592","Mac OS X 10.10.5 x86_64"
"1466093922260","37",":app:prepareComMixpanelAndroidMixpanelAndroid431Library","true","false","true","31","2016-06-16T16:18:42,260Z","Intel(R) Core(TM) i5-3210M CPU @ 2.50GHz","8589934592","Mac OS X 10.10.5 x86_64"
"1466093922260","38",":app:prepareComSquareupAndroidTimesSquare165Library","true","false","true","16","2016-06-16T16:18:42,260Z","Intel(R) Core(TM) i5-3210M CPU @ 2.50GHz","8589934592","Mac OS X 10.10.5 x86_64"
"1466093922260","39",":app:prepareComSquareupLeakcanaryLeakcanaryAndroid14Beta2Library","true","false","true","18","2016-06-16T16:18:42,260Z","Intel(R) Core(TM) i5-3210M CPU @ 2.50GHz","8589934592","Mac OS X 10.10.5 x86_64"
"1466093922260","40",":app:prepareIoReactivexRxandroid110Library","true","false","true","5","2016-06-16T16:18:42,260Z","Intel(R) Core(TM) i5-3210M CPU @ 2.50GHz","8589934592","Mac OS X 10.10.5 x86_64"
"1466093922260","41",":app:prepareIoRealmRealmAndroidLibrary100Library","true","false","true","24","2016-06-16T16:18:42,260Z","Intel(R) Core(TM) i5-3210M CPU @ 2.50GHz","8589934592","Mac OS X 10.10.5 x86_64"
"1466093922260","42",":app:prepareMeZhanghaiAndroidMaterialprogressbarLibrary115Library","true","false","true","7","2016-06-16T16:18:42,260Z","Intel(R) Core(TM) i5-3210M CPU @ 2.50GHz","8589934592","Mac OS X 10.10.5 x86_64"
"1466093922260","43",":app:prepareNetGotevUploadservice21Library","true","false","true","11","2016-06-16T16:18:42,260Z","Intel(R) Core(TM) i5-3210M CPU @ 2.50GHz","8589934592","Mac OS X 10.10.5 x86_64"
"1466093922260","44",":app:prepareNetGotevUploadserviceOkhttp21Library","true","false","true","9","2016-06-16T16:18:42,260Z","Intel(R) Core(TM) i5-3210M CPU @ 2.50GHz","8589934592","Mac OS X 10.10.5 x86_64"
"1466093922260","45",":app:prepareEnv_testDebugDependencies","true","true","false","4","2016-06-16T16:18:42,260Z","Intel(R) Core(TM) i5-3210M CPU @ 2.50GHz","8589934592","Mac OS X 10.10.5 x86_64"
"1466093922260","46",":app:compileEnv_testDebugAidl","true","false","true","44","2016-06-16T16:18:42,260Z","Intel(R) Core(TM) i5-3210M CPU @ 2.50GHz","8589934592","Mac OS X 10.10.5 x86_64"
"1466093922260","47",":app:compileEnv_testDebugRenderscript","true","false","true","21","2016-06-16T16:18:42,260Z","Intel(R) Core(TM) i5-3210M CPU @ 2.50GHz","8589934592","Mac OS X 10.10.5 x86_64"
"1466093922260","48",":app:generateEnv_testDebugBuildConfig","true","false","true","8","2016-06-16T16:18:42,260Z","Intel(R) Core(TM) i5-3210M CPU @ 2.50GHz","8589934592","Mac OS X 10.10.5 x86_64"
"1466093922260","49",":app:generateEnv_testDebugResValues","true","false","true","6","2016-06-16T16:18:42,260Z","Intel(R) Core(TM) i5-3210M CPU @ 2.50GHz","8589934592","Mac OS X 10.10.5 x86_64"
"1466093922260","50",":app:processEnv_testDebugGoogleServices","true","true","false","15","2016-06-16T16:18:42,260Z","Intel(R) Core(TM) i5-3210M CPU @ 2.50GHz","8589934592","Mac OS X 10.10.5 x86_64"
"1466093922260","51",":app:generateEnv_testDebugResources","true","false","false","1","2016-06-16T16:18:42,260Z","Intel(R) Core(TM) i5-3210M CPU @ 2.50GHz","8589934592","Mac OS X 10.10.5 x86_64"
"1466093922260","52",":app:mergeEnv_testDebugResources","true","false","true","607","2016-06-16T16:18:42,260Z","Intel(R) Core(TM) i5-3210M CPU @ 2.50GHz","8589934592","Mac OS X 10.10.5 x86_64"
"1466093922260","53",":app:dataBindingProcessLayoutsEnv_testDebug","true","false","true","373","2016-06-16T16:18:42,260Z","Intel(R) Core(TM) i5-3210M CPU @ 2.50GHz","8589934592","Mac OS X 10.10.5 x86_64"
"1466093922260","54",":app:mergeEnv_testDebugShaders","true","false","true","7","2016-06-16T16:18:42,260Z","Intel(R) Core(TM) i5-3210M CPU @ 2.50GHz","8589934592","Mac OS X 10.10.5 x86_64"
"1466093922260","55",":app:compileEnv_testDebugShaders","true","false","true","4","2016-06-16T16:18:42,260Z","Intel(R) Core(TM) i5-3210M CPU @ 2.50GHz","8589934592","Mac OS X 10.10.5 x86_64"
"1466093922260","56",":app:generateEnv_testDebugAssets","true","false","true","2","2016-06-16T16:18:42,260Z","Intel(R) Core(TM) i5-3210M CPU @ 2.50GHz","8589934592","Mac OS X 10.10.5 x86_64"
"1466093922260","57",":app:mergeEnv_testDebugAssets","true","false","true","28","2016-06-16T16:18:42,260Z","Intel(R) Core(TM) i5-3210M CPU @ 2.50GHz","8589934592","Mac OS X 10.10.5 x86_64"
"1466093922260","58",":app:processEnv_testDebugManifest","true","true","false","2009","2016-06-16T16:18:42,260Z","Intel(R) Core(TM) i5-3210M CPU @ 2.50GHz","8589934592","Mac OS X 10.10.5 x86_64"
"1466093922260","59",":app:processEnv_testDebugResources","true","false","true","58","2016-06-16T16:18:42,260Z","Intel(R) Core(TM) i5-3210M CPU @ 2.50GHz","8589934592","Mac OS X 10.10.5 x86_64"
"1466093922260","60",":app:generateEnv_testDebugSources","true","false","true","2","2016-06-16T16:18:42,260Z","Intel(R) Core(TM) i5-3210M CPU @ 2.50GHz","8589934592","Mac OS X 10.10.5 x86_64"
"1466093922260","61",":app:preEnv_testDebugUnitTestBuild","true","false","true","1","2016-06-16T16:18:42,260Z","Intel(R) Core(TM) i5-3210M CPU @ 2.50GHz","8589934592","Mac OS X 10.10.5 x86_64"
"1466093922260","62",":app:preEnv_prodDebugUnitTestBuild","true","false","true","0","2016-06-16T16:18:42,260Z","Intel(R) Core(TM) i5-3210M CPU @ 2.50GHz","8589934592","Mac OS X 10.10.5 x86_64"
"1466093922260","63",":app:prepareComSquareupLeakcanaryLeakcanaryAndroidNoOp14Beta2Library","true","false","true","6","2016-06-16T16:18:42,260Z","Intel(R) Core(TM) i5-3210M CPU @ 2.50GHz","8589934592","Mac OS X 10.10.5 x86_64"
"1466093922260","64",":app:prepareEnv_testDebugUnitTestDependencies","true","true","false","1","2016-06-16T16:18:42,260Z","Intel(R) Core(TM) i5-3210M CPU @ 2.50GHz","8589934592","Mac OS X 10.10.5 x86_64"
"1466093922260","65",":app:mockableAndroidJar","true","false","true","4","2016-06-16T16:18:42,260Z","Intel(R) Core(TM) i5-3210M CPU @ 2.50GHz","8589934592","Mac OS X 10.10.5 x86_64"
"1466093922260","66",":app:preEnv_testDebugAndroidTestBuild","true","false","true","1","2016-06-16T16:18:42,260Z","Intel(R) Core(TM) i5-3210M CPU @ 2.50GHz","8589934592","Mac OS X 10.10.5 x86_64"
"1466093922260","67",":app:preEnv_prodDebugAndroidTestBuild","true","false","true","2","2016-06-16T16:18:42,260Z","Intel(R) Core(TM) i5-3210M CPU @ 2.50GHz","8589934592","Mac OS X 10.10.5 x86_64"
"1466093922260","68",":app:prepareComAndroidSupportMultidexInstrumentation101Library","true","false","true","9","2016-06-16T16:18:42,260Z","Intel(R) Core(TM) i5-3210M CPU @ 2.50GHz","8589934592","Mac OS X 10.10.5 x86_64"
"1466093922260","69",":app:prepareComSquareupAssertjAssertjAndroid100Library","true","false","true","11","2016-06-16T16:18:42,260Z","Intel(R) Core(TM) i5-3210M CPU @ 2.50GHz","8589934592","Mac OS X 10.10.5 x86_64"
"1466093922260","70",":app:prepareComSquareupAssertjAssertjAndroidAppcompatV7100Library","true","false","true","5","2016-06-16T16:18:42,260Z","Intel(R) Core(TM) i5-3210M CPU @ 2.50GHz","8589934592","Mac OS X 10.10.5 x86_64"
"1466093922260","71",":app:prepareComSquareupAssertjAssertjAndroidSupportV4100Library","true","false","true","5","2016-06-16T16:18:42,260Z","Intel(R) Core(TM) i5-3210M CPU @ 2.50GHz","8589934592","Mac OS X 10.10.5 x86_64"
"1466093922260","72",":app:prepareEnv_testDebugAndroidTestDependencies","true","true","false","2","2016-06-16T16:18:42,260Z","Intel(R) Core(TM) i5-3210M CPU @ 2.50GHz","8589934592","Mac OS X 10.10.5 x86_64"
"1466093922260","73",":app:compileEnv_testDebugAndroidTestAidl","true","false","true","6","2016-06-16T16:18:42,260Z","Intel(R) Core(TM) i5-3210M CPU @ 2.50GHz","8589934592","Mac OS X 10.10.5 x86_64"
"1466093922260","74",":app:processEnv_testDebugAndroidTestManifest","true","false","true","8","2016-06-16T16:18:42,260Z","Intel(R) Core(TM) i5-3210M CPU @ 2.50GHz","8589934592","Mac OS X 10.10.5 x86_64"
"1466093922260","75",":app:compileEnv_testDebugAndroidTestRenderscript","true","false","true","21","2016-06-16T16:18:42,260Z","Intel(R) Core(TM) i5-3210M CPU @ 2.50GHz","8589934592","Mac OS X 10.10.5 x86_64"
"1466093922260","76",":app:generateEnv_testDebugAndroidTestBuildConfig","true","false","true","10","2016-06-16T16:18:42,260Z","Intel(R) Core(TM) i5-3210M CPU @ 2.50GHz","8589934592","Mac OS X 10.10.5 x86_64"
"1466093922260","77",":app:generateEnv_testDebugAndroidTestResValues","true","false","true","4","2016-06-16T16:18:42,260Z","Intel(R) Core(TM) i5-3210M CPU @ 2.50GHz","8589934592","Mac OS X 10.10.5 x86_64"
"1466093922260","78",":app:generateEnv_testDebugAndroidTestResources","true","false","true","1","2016-06-16T16:18:42,260Z","Intel(R) Core(TM) i5-3210M CPU @ 2.50GHz","8589934592","Mac OS X 10.10.5 x86_64"
"1466093922260","79",":app:mergeEnv_testDebugAndroidTestResources","true","false","true","29","2016-06-16T16:18:42,260Z","Intel(R) Core(TM) i5-3210M CPU @ 2.50GHz","8589934592","Mac OS X 10.10.5 x86_64"
"1466093922260","80",":app:dataBindingProcessLayoutsEnv_testDebugAndroidTest","true","false","true","9","2016-06-16T16:18:42,260Z","Intel(R) Core(TM) i5-3210M CPU @ 2.50GHz","8589934592","Mac OS X 10.10.5 x86_64"
"1466093922260","81",":app:mergeEnv_testDebugAndroidTestShaders","true","false","true","10","2016-06-16T16:18:42,260Z","Intel(R) Core(TM) i5-3210M CPU @ 2.50GHz","8589934592","Mac OS X 10.10.5 x86_64"
"1466093922260","82",":app:compileEnv_testDebugAndroidTestShaders","true","false","true","4","2016-06-16T16:18:42,260Z","Intel(R) Core(TM) i5-3210M CPU @ 2.50GHz","8589934592","Mac OS X 10.10.5 x86_64"
"1466093922260","83",":app:generateEnv_testDebugAndroidTestAssets","true","false","true","2","2016-06-16T16:18:42,260Z","Intel(R) Core(TM) i5-3210M CPU @ 2.50GHz","8589934592","Mac OS X 10.10.5 x86_64"
"1466093922260","84",":app:mergeEnv_testDebugAndroidTestAssets","true","false","true","14","2016-06-16T16:18:42,260Z","Intel(R) Core(TM) i5-3210M CPU @ 2.50GHz","8589934592","Mac OS X 10.10.5 x86_64"
"1466093922260","85",":app:processEnv_testDebugAndroidTestResources","true","false","true","13","2016-06-16T16:18:42,260Z","Intel(R) Core(TM) i5-3210M CPU @ 2.50GHz","8589934592","Mac OS X 10.10.5 x86_64"
"1466093922260","86",":app:generateEnv_testDebugAndroidTestSources","true","false","true","2","2016-06-16T16:18:42,260Z","Intel(R) Core(TM) i5-3210M CPU @ 2.50GHz","8589934592","Mac OS X 10.10.5 x86_64"
"1466117194588","0",":app:preBuild","true","false","true","1","2016-06-16T22:46:34,588Z","Intel(R) Core(TM) i5-3210M CPU @ 2.50GHz","8589934592","Mac OS X 10.10.5 x86_64"
"1466117194588","1",":app:preEnv_testDebugBuild","true","false","true","0","2016-06-16T22:46:34,588Z","Intel(R) Core(TM) i5-3210M CPU @ 2.50GHz","8589934592","Mac OS X 10.10.5 x86_64"
"1466117194588","2",":app:checkEnv_testDebugManifest","true","true","false","2","2016-06-16T22:46:34,588Z","Intel(R) Core(TM) i5-3210M CPU @ 2.50GHz","8589934592","Mac OS X 10.10.5 x86_64"
"1466117194588","3",":app:preEnv_prodDebugBuild","true","false","true","1","2016-06-16T22:46:34,588Z","Intel(R) Core(TM) i5-3210M CPU @ 2.50GHz","8589934592","Mac OS X 10.10.5 x86_64"
"1466117194588","4",":app:preEnv_prodReleaseBuild","true","false","true","2","2016-06-16T22:46:34,588Z","Intel(R) Core(TM) i5-3210M CPU @ 2.50GHz","8589934592","Mac OS X 10.10.5 x86_64"
"1466117194588","5",":app:preEnv_testReleaseBuild","true","false","true","1","2016-06-16T22:46:34,588Z","Intel(R) Core(TM) i5-3210M CPU @ 2.50GHz","8589934592","Mac OS X 10.10.5 x86_64"
"1466117194588","6",":app:prepareCatErezaCustomactivityoncrash150Library","true","false","true","6","2016-06-16T22:46:34,588Z","Intel(R) Core(TM) i5-3210M CPU @ 2.50GHz","8589934592","Mac OS X 10.10.5 x86_64"
"1466117194588","7",":app:prepareComAndroidDatabindingAdapters11Library","true","false","true","3","2016-06-16T22:46:34,588Z","Intel(R) Core(TM) i5-3210M CPU @ 2.50GHz","8589934592","Mac OS X 10.10.5 x86_64"
"1466117194588","8",":app:prepareComAndroidDatabindingLibrary11Library","true","false","true","6","2016-06-16T22:46:34,588Z","Intel(R) Core(TM) i5-3210M CPU @ 2.50GHz","8589934592","Mac OS X 10.10.5 x86_64"
"1466117194588","9",":app:prepareComAndroidSupportAnimatedVectorDrawable2340Library","true","false","true","8","2016-06-16T22:46:34,588Z","Intel(R) Core(TM) i5-3210M CPU @ 2.50GHz","8589934592","Mac OS X 10.10.5 x86_64"
"1466117194588","10",":app:prepareComAndroidSupportAppcompatV72340Library","true","false","true","36","2016-06-16T22:46:34,588Z","Intel(R) Core(TM) i5-3210M CPU @ 2.50GHz","8589934592","Mac OS X 10.10.5 x86_64"
"1466117194588","11",":app:prepareComAndroidSupportCardviewV72340Library","true","false","true","4","2016-06-16T22:46:34,588Z","Intel(R) Core(TM) i5-3210M CPU @ 2.50GHz","8589934592","Mac OS X 10.10.5 x86_64"
"1466117194588","12",":app:prepareComAndroidSupportDesign2340Library","true","false","true","46","2016-06-16T22:46:34,588Z","Intel(R) Core(TM) i5-3210M CPU @ 2.50GHz","8589934592","Mac OS X 10.10.5 x86_64"
"1466117194588","13",":app:prepareComAndroidSupportMultidex101Library","true","false","true","4","2016-06-16T22:46:34,588Z","Intel(R) Core(TM) i5-3210M CPU @ 2.50GHz","8589934592","Mac OS X 10.10.5 x86_64"
"1466117194588","14",":app:prepareComAndroidSupportRecyclerviewV72340Library","true","false","true","5","2016-06-16T22:46:34,588Z","Intel(R) Core(TM) i5-3210M CPU @ 2.50GHz","8589934592","Mac OS X 10.10.5 x86_64"
"1466117194588","15",":app:prepareComAndroidSupportSupportV42340Library","true","false","true","6","2016-06-16T22:46:34,588Z","Intel(R) Core(TM) i5-3210M CPU @ 2.50GHz","8589934592","Mac OS X 10.10.5 x86_64"
"1466117194588","16",":app:prepareComAndroidSupportSupportVectorDrawable2340Library","true","false","true","3","2016-06-16T22:46:34,588Z","Intel(R) Core(TM) i5-3210M CPU @ 2.50GHz","8589934592","Mac OS X 10.10.5 x86_64"
"1466117194588","17",":app:prepareComDevbracketsAndroidExomedia256Library","true","false","true","8","2016-06-16T22:46:34,588Z","Intel(R) Core(TM) i5-3210M CPU @ 2.50GHz","8589934592","Mac OS X 10.10.5 x86_64"
"1466117194588","18",":app:prepareComGetbaseFloatingactionbutton1101Library","true","false","true","5","2016-06-16T22:46:34,588Z","Intel(R) Core(TM) i5-3210M CPU @ 2.50GHz","8589934592","Mac OS X 10.10.5 x86_64"
"1466117194588","19",":app:prepareComGetkeepsafeRelinkerRelinker121Library","true","false","true","13","2016-06-16T22:46:34,588Z","Intel(R) Core(TM) i5-3210M CPU @ 2.50GHz","8589934592","Mac OS X 10.10.5 x86_64"
"1466117194588","20",":app:prepareComGithubAfollestadMaterialCameraAdb691d55fLibrary","true","false","true","5","2016-06-16T22:46:34,588Z","Intel(R) Core(TM) i5-3210M CPU @ 2.50GHz","8589934592","Mac OS X 10.10.5 x86_64"
"1466117194588","21",":app:prepareComGithubAfollestadMaterialDialogsCore0857Library","true","false","true","11","2016-06-16T22:46:34,588Z","Intel(R) Core(TM) i5-3210M CPU @ 2.50GHz","8589934592","Mac OS X 10.10.5 x86_64"
"1466117194588","22",":app:prepareComGithubAlamkanakAndroidWeekView126Library","true","false","true","4","2016-06-16T22:46:34,588Z","Intel(R) Core(TM) i5-3210M CPU @ 2.50GHz","8589934592","Mac OS X 10.10.5 x86_64"
"1466117194588","23",":app:prepareComGithubJaviersantosMaterialStyledDialogs13Library","true","false","true","5","2016-06-16T22:46:34,588Z","Intel(R) Core(TM) i5-3210M CPU @ 2.50GHz","8589934592","Mac OS X 10.10.5 x86_64"
"1466117194588","24",":app:prepareComGoogleAndroidExoplayerExoplayerR156Library","true","false","true","4","2016-06-16T22:46:34,588Z","Intel(R) Core(TM) i5-3210M CPU @ 2.50GHz","8589934592","Mac OS X 10.10.5 x86_64"
"1466117194588","25",":app:prepareComGoogleAndroidGmsPlayServicesBasement830Library","true","false","true","11","2016-06-16T22:46:34,588Z","Intel(R) Core(TM) i5-3210M CPU @ 2.50GHz","8589934592","Mac OS X 10.10.5 x86_64"
"1466117194588","26",":app:prepareComGoogleAndroidGmsPlayServicesMeasurement830Library","true","false","true","5","2016-06-16T22:46:34,588Z","Intel(R) Core(TM) i5-3210M CPU @ 2.50GHz","8589934592","Mac OS X 10.10.5 x86_64"
"1466117194588","27",":app:prepareComJakewhartonHugoHugoRuntime121Library","true","false","true","2","2016-06-16T22:46:34,588Z","Intel(R) Core(TM) i5-3210M CPU @ 2.50GHz","8589934592","Mac OS X 10.10.5 x86_64"
"1466117194588","28",":app:prepareComJakewhartonTimberTimber412Library","true","false","true","4","2016-06-16T22:46:34,588Z","Intel(R) Core(TM) i5-3210M CPU @ 2.50GHz","8589934592","Mac OS X 10.10.5 x86_64"
"1466117194588","29",":app:prepareComMikepenzFastadapter144Library","true","false","true","3","2016-06-16T22:46:34,588Z","Intel(R) Core(TM) i5-3210M CPU @ 2.50GHz","8589934592","Mac OS X 10.10.5 x86_64"
"1466117194588","30",":app:prepareComMikepenzFastadapterExtensions142Library","true","false","true","4","2016-06-16T22:46:34,588Z","Intel(R) Core(TM) i5-3210M CPU @ 2.50GHz","8589934592","Mac OS X 10.10.5 x86_64"
"1466117194588","31",":app:prepareComMikepenzFontawesomeTypeface4501Library","true","false","true","4","2016-06-16T22:46:34,588Z","Intel(R) Core(TM) i5-3210M CPU @ 2.50GHz","8589934592","Mac OS X 10.10.5 x86_64"
"1466117194588","32",":app:prepareComMikepenzGoogleMaterialTypeface2201OriginalLibrary","true","false","true","6","2016-06-16T22:46:34,588Z","Intel(R) Core(TM) i5-3210M CPU @ 2.50GHz","8589934592","Mac OS X 10.10.5 x86_64"
"1466117194588","33",":app:prepareComMikepenzIconicsCore2510Library","true","false","true","4","2016-06-16T22:46:34,588Z","Intel(R) Core(TM) i5-3210M CPU @ 2.50GHz","8589934592","Mac OS X 10.10.5 x86_64"
"1466117194588","34",":app:prepareComMikepenzMaterialDesignIconicTypeface2201Library","true","false","true","3","2016-06-16T22:46:34,588Z","Intel(R) Core(TM) i5-3210M CPU @ 2.50GHz","8589934592","Mac OS X 10.10.5 x86_64"
"1466117194588","35",":app:prepareComMikepenzMaterialdrawer518Library","true","false","true","6","2016-06-16T22:46:34,588Z","Intel(R) Core(TM) i5-3210M CPU @ 2.50GHz","8589934592","Mac OS X 10.10.5 x86_64"
"1466117194588","36",":app:prepareComMikepenzMaterialize088Library","true","false","true","4","2016-06-16T22:46:34,588Z","Intel(R) Core(TM) i5-3210M CPU @ 2.50GHz","8589934592","Mac OS X 10.10.5 x86_64"
"1466117194588","37",":app:prepareComMixpanelAndroidMixpanelAndroid431Library","true","false","true","10","2016-06-16T22:46:34,588Z","Intel(R) Core(TM) i5-3210M CPU @ 2.50GHz","8589934592","Mac OS X 10.10.5 x86_64"
"1466117194588","38",":app:prepareComSquareupAndroidTimesSquare165Library","true","false","true","9","2016-06-16T22:46:34,588Z","Intel(R) Core(TM) i5-3210M CPU @ 2.50GHz","8589934592","Mac OS X 10.10.5 x86_64"
"1466117194588","39",":app:prepareComSquareupLeakcanaryLeakcanaryAndroid14Beta2Library","true","false","true","26","2016-06-16T22:46:34,588Z","Intel(R) Core(TM) i5-3210M CPU @ 2.50GHz","8589934592","Mac OS X 10.10.5 x86_64"
"1466117194588","40",":app:prepareIoReactivexRxandroid110Library","true","false","true","4","2016-06-16T22:46:34,588Z","Intel(R) Core(TM) i5-3210M CPU @ 2.50GHz","8589934592","Mac OS X 10.10.5 x86_64"
"1466117194588","41",":app:prepareIoRealmRealmAndroidLibrary100Library","true","false","true","10","2016-06-16T22:46:34,588Z","Intel(R) Core(TM) i5-3210M CPU @ 2.50GHz","8589934592","Mac OS X 10.10.5 x86_64"
"1466117194588","42",":app:prepareMeZhanghaiAndroidMaterialprogressbarLibrary115Library","true","false","true","8","2016-06-16T22:46:34,588Z","Intel(R) Core(TM) i5-3210M CPU @ 2.50GHz","8589934592","Mac OS X 10.10.5 x86_64"
"1466117194588","43",":app:prepareNetGotevUploadservice21Library","true","false","true","12","2016-06-16T22:46:34,588Z","Intel(R) Core(TM) i5-3210M CPU @ 2.50GHz","8589934592","Mac OS X 10.10.5 x86_64"
"1466117194588","44",":app:prepareNetGotevUploadserviceOkhttp21Library","true","false","true","6","2016-06-16T22:46:34,588Z","Intel(R) Core(TM) i5-3210M CPU @ 2.50GHz","8589934592","Mac OS X 10.10.5 x86_64"
"1466117194588","45",":app:prepareEnv_testDebugDependencies","true","true","false","4","2016-06-16T22:46:34,588Z","Intel(R) Core(TM) i5-3210M CPU @ 2.50GHz","8589934592","Mac OS X 10.10.5 x86_64"
"1466117194588","46",":app:compileEnv_testDebugRenderscript","true","false","true","7","2016-06-16T22:46:34,588Z","Intel(R) Core(TM) i5-3210M CPU @ 2.50GHz","8589934592","Mac OS X 10.10.5 x86_64"
"1466117194588","47",":app:generateEnv_testDebugResValues","true","false","true","13","2016-06-16T22:46:34,588Z","Intel(R) Core(TM) i5-3210M CPU @ 2.50GHz","8589934592","Mac OS X 10.10.5 x86_64"
"1466117194588","48",":app:processEnv_testDebugGoogleServices","true","true","false","5","2016-06-16T22:46:34,588Z","Intel(R) Core(TM) i5-3210M CPU @ 2.50GHz","8589934592","Mac OS X 10.10.5 x86_64"
"1466117194588","49",":app:generateEnv_testDebugResources","true","false","false","2","2016-06-16T22:46:34,588Z","Intel(R) Core(TM) i5-3210M CPU @ 2.50GHz","8589934592","Mac OS X 10.10.5 x86_64"
"1466117194588","50",":app:mergeEnv_testDebugResources","true","false","true","139","2016-06-16T22:46:34,588Z","Intel(R) Core(TM) i5-3210M CPU @ 2.50GHz","8589934592","Mac OS X 10.10.5 x86_64"
"1466117194588","51",":app:dataBindingProcessLayoutsEnv_testDebug","true","false","true","126","2016-06-16T22:46:34,588Z","Intel(R) Core(TM) i5-3210M CPU @ 2.50GHz","8589934592","Mac OS X 10.10.5 x86_64"
"1466117194588","52",":app:compileEnv_testDebugAidl","true","false","true","19","2016-06-16T22:46:34,588Z","Intel(R) Core(TM) i5-3210M CPU @ 2.50GHz","8589934592","Mac OS X 10.10.5 x86_64"
"1466117194588","53",":app:generateEnv_testDebugBuildConfig","true","false","true","9","2016-06-16T22:46:34,588Z","Intel(R) Core(TM) i5-3210M CPU @ 2.50GHz","8589934592","Mac OS X 10.10.5 x86_64"
"1466117194588","54",":app:mergeEnv_testDebugShaders","true","false","true","2","2016-06-16T22:46:34,588Z","Intel(R) Core(TM) i5-3210M CPU @ 2.50GHz","8589934592","Mac OS X 10.10.5 x86_64"
"1466117194588","55",":app:compileEnv_testDebugShaders","true","false","true","2","2016-06-16T22:46:34,588Z","Intel(R) Core(TM) i5-3210M CPU @ 2.50GHz","8589934592","Mac OS X 10.10.5 x86_64"
"1466117194588","56",":app:generateEnv_testDebugAssets","true","false","true","1","2016-06-16T22:46:34,588Z","Intel(R) Core(TM) i5-3210M CPU @ 2.50GHz","8589934592","Mac OS X 10.10.5 x86_64"
"1466117194588","57",":app:mergeEnv_testDebugAssets","true","false","true","16","2016-06-16T22:46:34,588Z","Intel(R) Core(TM) i5-3210M CPU @ 2.50GHz","8589934592","Mac OS X 10.10.5 x86_64"
"1466117194588","58",":app:processEnv_testDebugManifest","true","false","true","12","2016-06-16T22:46:34,588Z","Intel(R) Core(TM) i5-3210M CPU @ 2.50GHz","8589934592","Mac OS X 10.10.5 x86_64"
"1466117194588","59",":app:processEnv_testDebugResources","true","true","false","3551","2016-06-16T22:46:34,588Z","Intel(R) Core(TM) i5-3210M CPU @ 2.50GHz","8589934592","Mac OS X 10.10.5 x86_64"
"1466117194588","60",":app:generateEnv_testDebugSources","true","false","false","0","2016-06-16T22:46:34,588Z","Intel(R) Core(TM) i5-3210M CPU @ 2.50GHz","8589934592","Mac OS X 10.10.5 x86_64"
"1466117194588","61",":app:dataBindingExportBuildInfoEnv_testDebug","true","true","false","102","2016-06-16T22:46:34,588Z","Intel(R) Core(TM) i5-3210M CPU @ 2.50GHz","8589934592","Mac OS X 10.10.5 x86_64"
"1466117194588","62",":app:incrementalEnv_testDebugJavaCompilationSafeguard","true","true","false","1713","2016-06-16T22:46:34,588Z","Intel(R) Core(TM) i5-3210M CPU @ 2.50GHz","8589934592","Mac OS X 10.10.5 x86_64"
"1466117194588","63",":app:compileEnv_testDebugJavaWithJavac","true","true","false","36964","2016-06-16T22:46:34,588Z","Intel(R) Core(TM) i5-3210M CPU @ 2.50GHz","8589934592","Mac OS X 10.10.5 x86_64"
"1466117194588","64",":app:compileEnv_testDebugNdk","true","false","true","1","2016-06-16T22:46:34,588Z","Intel(R) Core(TM) i5-3210M CPU @ 2.50GHz","8589934592","Mac OS X 10.10.5 x86_64"
"1466117194588","65",":app:compileEnv_testDebugSources","true","false","false","1","2016-06-16T22:46:34,588Z","Intel(R) Core(TM) i5-3210M CPU @ 2.50GHz","8589934592","Mac OS X 10.10.5 x86_64"
"1466117194588","66",":app:prePackageMarkerForEnv_testDebug","true","true","false","21","2016-06-16T22:46:34,588Z","Intel(R) Core(TM) i5-3210M CPU @ 2.50GHz","8589934592","Mac OS X 10.10.5 x86_64"
"1466117194588","67",":app:unzipJacocoAgent","true","false","true","14","2016-06-16T22:46:34,588Z","Intel(R) Core(TM) i5-3210M CPU @ 2.50GHz","8589934592","Mac OS X 10.10.5 x86_64"
"1466117194588","68",":app:transformClassesWithJacocoForEnv_testDebug","true","true","false","421","2016-06-16T22:46:34,588Z","Intel(R) Core(TM) i5-3210M CPU @ 2.50GHz","8589934592","Mac OS X 10.10.5 x86_64"
"1466117194588","69",":app:transformClassesWithRealmTransformerForEnv_testDebug","true","true","false","7218","2016-06-16T22:46:34,588Z","Intel(R) Core(TM) i5-3210M CPU @ 2.50GHz","8589934592","Mac OS X 10.10.5 x86_64"
"1466117194588","70",":app:transformClassesWithJarMergingForEnv_testDebug","true","true","false","8023","2016-06-16T22:46:34,588Z","Intel(R) Core(TM) i5-3210M CPU @ 2.50GHz","8589934592","Mac OS X 10.10.5 x86_64"
"1466117194588","71",":app:collectEnv_testDebugMultiDexComponents","true","false","true","8","2016-06-16T22:46:34,588Z","Intel(R) Core(TM) i5-3210M CPU @ 2.50GHz","8589934592","Mac OS X 10.10.5 x86_64"
"1466117194588","72",":app:transformClassesWithMultidexlistForEnv_testDebug","true","true","false","13745","2016-06-16T22:46:34,588Z","Intel(R) Core(TM) i5-3210M CPU @ 2.50GHz","8589934592","Mac OS X 10.10.5 x86_64"
"1466117194588","73",":app:transformClassesWithDexForEnv_testDebug","true","true","false","23050997","2016-06-16T22:46:34,588Z","Intel(R) Core(TM) i5-3210M CPU @ 2.50GHz","8589934592","Mac OS X 10.10.5 x86_64"
"1466117194588","74",":app:mergeEnv_testDebugJniLibFolders","true","false","true","14","2016-06-16T22:46:34,588Z","Intel(R) Core(TM) i5-3210M CPU @ 2.50GHz","8589934592","Mac OS X 10.10.5 x86_64"
"1466117194588","75",":app:transformNative_libsWithMergeJniLibsForEnv_testDebug","true","true","false","394","2016-06-16T22:46:34,588Z","Intel(R) Core(TM) i5-3210M CPU @ 2.50GHz","8589934592","Mac OS X 10.10.5 x86_64"
"1466117194588","76",":app:processEnv_testDebugJavaRes","true","false","true","1","2016-06-16T22:46:34,588Z","Intel(R) Core(TM) i5-3210M CPU @ 2.50GHz","8589934592","Mac OS X 10.10.5 x86_64"
"1466117194588","77",":app:transformResourcesWithMergeJavaResForEnv_testDebug","true","true","false","685","2016-06-16T22:46:34,588Z","Intel(R) Core(TM) i5-3210M CPU @ 2.50GHz","8589934592","Mac OS X 10.10.5 x86_64"
"1466117194588","78",":app:validateDebugSigning","true","true","false","6","2016-06-16T22:46:34,588Z","Intel(R) Core(TM) i5-3210M CPU @ 2.50GHz","8589934592","Mac OS X 10.10.5 x86_64"
"1466117194588","79",":app:packageEnv_testDebug","true","true","false","4488","2016-06-16T22:46:34,588Z","Intel(R) Core(TM) i5-3210M CPU @ 2.50GHz","8589934592","Mac OS X 10.10.5 x86_64"
"1466117194588","80",":app:zipalignEnv_testDebug","true","true","false","310","2016-06-16T22:46:34,588Z","Intel(R) Core(TM) i5-3210M CPU @ 2.50GHz","8589934592","Mac OS X 10.10.5 x86_64"
"1466117194588","81",":app:assembleEnv_testDebug","true","false","false","1","2016-06-16T22:46:34,588Z","Intel(R) Core(TM) i5-3210M CPU @ 2.50GHz","8589934592","Mac OS X 10.10.5 x86_64"
"1466117194588","82",":app:countEnv_testDebugDexMethods","true","true","false","6507","2016-06-16T22:46:34,588Z","Intel(R) Core(TM) i5-3210M CPU @ 2.50GHz","8589934592","Mac OS X 10.10.5 x86_64"
"1466251825134","0",":app:preBuild","true","false","true","23","2016-06-18T12:10:25,134Z","Intel(R) Core(TM) i5-3210M CPU @ 2.50GHz","8589934592","Mac OS X 10.10.5 x86_64"
"1466251825134","1",":app:preEnv_testDebugBuild","true","false","true","1","2016-06-18T12:10:25,134Z","Intel(R) Core(TM) i5-3210M CPU @ 2.50GHz","8589934592","Mac OS X 10.10.5 x86_64"
"1466251825134","2",":app:checkEnv_testDebugManifest","true","true","false","8","2016-06-18T12:10:25,134Z","Intel(R) Core(TM) i5-3210M CPU @ 2.50GHz","8589934592","Mac OS X 10.10.5 x86_64"
"1466251825134","3",":app:preEnv_prodDebugBuild","true","false","true","2","2016-06-18T12:10:25,134Z","Intel(R) Core(TM) i5-3210M CPU @ 2.50GHz","8589934592","Mac OS X 10.10.5 x86_64"
"1466251825134","4",":app:preEnv_prodReleaseBuild","true","false","true","1","2016-06-18T12:10:25,134Z","Intel(R) Core(TM) i5-3210M CPU @ 2.50GHz","8589934592","Mac OS X 10.10.5 x86_64"
"1466251825134","5",":app:preEnv_testReleaseBuild","true","false","true","2","2016-06-18T12:10:25,134Z","Intel(R) Core(TM) i5-3210M CPU @ 2.50GHz","8589934592","Mac OS X 10.10.5 x86_64"
"1466251825134","6",":app:prepareCatErezaCustomactivityoncrash150Library","true","false","true","234","2016-06-18T12:10:25,134Z","Intel(R) Core(TM) i5-3210M CPU @ 2.50GHz","8589934592","Mac OS X 10.10.5 x86_64"
"1466251825134","7",":app:prepareComAndroidDatabindingAdapters11Library","true","false","true","30","2016-06-18T12:10:25,134Z","Intel(R) Core(TM) i5-3210M CPU @ 2.50GHz","8589934592","Mac OS X 10.10.5 x86_64"
"1466251825134","8",":app:prepareComAndroidDatabindingLibrary11Library","true","false","true","39","2016-06-18T12:10:25,134Z","Intel(R) Core(TM) i5-3210M CPU @ 2.50GHz","8589934592","Mac OS X 10.10.5 x86_64"
"1466251825134","9",":app:prepareComAndroidSupportAnimatedVectorDrawable2340Library","true","false","true","20","2016-06-18T12:10:25,134Z","Intel(R) Core(TM) i5-3210M CPU @ 2.50GHz","8589934592","Mac OS X 10.10.5 x86_64"
"1466251825134","10",":app:prepareComAndroidSupportAppcompatV72340Library","true","false","true","509","2016-06-18T12:10:25,134Z","Intel(R) Core(TM) i5-3210M CPU @ 2.50GHz","8589934592","Mac OS X 10.10.5 x86_64"
"1466251825134","11",":app:prepareComAndroidSupportCardviewV72340Library","true","false","true","28","2016-06-18T12:10:25,134Z","Intel(R) Core(TM) i5-3210M CPU @ 2.50GHz","8589934592","Mac OS X 10.10.5 x86_64"
"1466251825134","12",":app:prepareComAndroidSupportDesign2340Library","true","false","true","36","2016-06-18T12:10:25,134Z","Intel(R) Core(TM) i5-3210M CPU @ 2.50GHz","8589934592","Mac OS X 10.10.5 x86_64"
"1466251825134","13",":app:prepareComAndroidSupportMultidex101Library","true","false","true","14","2016-06-18T12:10:25,134Z","Intel(R) Core(TM) i5-3210M CPU @ 2.50GHz","8589934592","Mac OS X 10.10.5 x86_64"
"1466251825134","14",":app:prepareComAndroidSupportRecyclerviewV72340Library","true","false","true","12","2016-06-18T12:10:25,134Z","Intel(R) Core(TM) i5-3210M CPU @ 2.50GHz","8589934592","Mac OS X 10.10.5 x86_64"
"1466251825134","15",":app:prepareComAndroidSupportSupportV42340Library","true","false","true","17","2016-06-18T12:10:25,134Z","Intel(R) Core(TM) i5-3210M CPU @ 2.50GHz","8589934592","Mac OS X 10.10.5 x86_64"
"1466251825134","16",":app:prepareComAndroidSupportSupportVectorDrawable2340Library","true","false","true","10","2016-06-18T12:10:25,134Z","Intel(R) Core(TM) i5-3210M CPU @ 2.50GHz","8589934592","Mac OS X 10.10.5 x86_64"
"1466251825134","17",":app:prepareComDevbracketsAndroidExomedia256Library","true","false","true","57","2016-06-18T12:10:25,134Z","Intel(R) Core(TM) i5-3210M CPU @ 2.50GHz","8589934592","Mac OS X 10.10.5 x86_64"
"1466251825134","18",":app:prepareComGetbaseFloatingactionbutton1101Library","true","false","true","21","2016-06-18T12:10:25,134Z","Intel(R) Core(TM) i5-3210M CPU @ 2.50GHz","8589934592","Mac OS X 10.10.5 x86_64"
"1466251825134","19",":app:prepareComGetkeepsafeRelinkerRelinker121Library","true","false","true","8","2016-06-18T12:10:25,134Z","Intel(R) Core(TM) i5-3210M CPU @ 2.50GHz","8589934592","Mac OS X 10.10.5 x86_64"
"1466251825134","20",":app:prepareComGithubAfollestadMaterialCameraAdb691d55fLibrary","true","false","true","15","2016-06-18T12:10:25,134Z","Intel(R) Core(TM) i5-3210M CPU @ 2.50GHz","8589934592","Mac OS X 10.10.5 x86_64"
"1466251825134","21",":app:prepareComGithubAfollestadMaterialDialogsCore0857Library","true","false","true","41","2016-06-18T12:10:25,134Z","Intel(R) Core(TM) i5-3210M CPU @ 2.50GHz","8589934592","Mac OS X 10.10.5 x86_64"
"1466251825134","22",":app:prepareComGithubAlamkanakAndroidWeekView126Library","true","false","true","14","2016-06-18T12:10:25,134Z","Intel(R) Core(TM) i5-3210M CPU @ 2.50GHz","8589934592","Mac OS X 10.10.5 x86_64"
"1466251825134","23",":app:prepareComGithubJaviersantosMaterialStyledDialogs13Library","true","false","true","18","2016-06-18T12:10:25,134Z","Intel(R) Core(TM) i5-3210M CPU @ 2.50GHz","8589934592","Mac OS X 10.10.5 x86_64"
"1466251825134","24",":app:prepareComGoogleAndroidExoplayerExoplayerR156Library","true","false","true","12","2016-06-18T12:10:25,134Z","Intel(R) Core(TM) i5-3210M CPU @ 2.50GHz","8589934592","Mac OS X 10.10.5 x86_64"
"1466251825134","25",":app:prepareComGoogleAndroidGmsPlayServicesBasement830Library","true","false","true","50","2016-06-18T12:10:25,134Z","Intel(R) Core(TM) i5-3210M CPU @ 2.50GHz","8589934592","Mac OS X 10.10.5 x86_64"
"1466251825134","26",":app:prepareComGoogleAndroidGmsPlayServicesMeasurement830Library","true","false","true","12","2016-06-18T12:10:25,134Z","Intel(R) Core(TM) i5-3210M CPU @ 2.50GHz","8589934592","Mac OS X 10.10.5 x86_64"
"1466251825134","27",":app:prepareComJakewhartonHugoHugoRuntime121Library","true","false","true","10","2016-06-18T12:10:25,134Z","Intel(R) Core(TM) i5-3210M CPU @ 2.50GHz","8589934592","Mac OS X 10.10.5 x86_64"
"1466251825134","28",":app:prepareComJakewhartonTimberTimber412Library","true","false","true","11","2016-06-18T12:10:25,134Z","Intel(R) Core(TM) i5-3210M CPU @ 2.50GHz","8589934592","Mac OS X 10.10.5 x86_64"
"1466251825134","29",":app:prepareComMikepenzFastadapter144Library","true","false","true","12","2016-06-18T12:10:25,134Z","Intel(R) Core(TM) i5-3210M CPU @ 2.50GHz","8589934592","Mac OS X 10.10.5 x86_64"
"1466251825134","30",":app:prepareComMikepenzFastadapterExtensions142Library","true","false","true","16","2016-06-18T12:10:25,134Z","Intel(R) Core(TM) i5-3210M CPU @ 2.50GHz","8589934592","Mac OS X 10.10.5 x86_64"
"1466251825134","31",":app:prepareComMikepenzFontawesomeTypeface4501Library","true","false","true","17","2016-06-18T12:10:25,134Z","Intel(R) Core(TM) i5-3210M CPU @ 2.50GHz","8589934592","Mac OS X 10.10.5 x86_64"
"1466251825134","32",":app:prepareComMikepenzGoogleMaterialTypeface2201OriginalLibrary","true","false","true","19","2016-06-18T12:10:25,134Z","Intel(R) Core(TM) i5-3210M CPU @ 2.50GHz","8589934592","Mac OS X 10.10.5 x86_64"
"1466251825134","33",":app:prepareComMikepenzIconicsCore2510Library","true","false","true","12","2016-06-18T12:10:25,134Z","Intel(R) Core(TM) i5-3210M CPU @ 2.50GHz","8589934592","Mac OS X 10.10.5 x86_64"
"1466251825134","34",":app:prepareComMikepenzMaterialDesignIconicTypeface2201Library","true","false","true","8","2016-06-18T12:10:25,134Z","Intel(R) Core(TM) i5-3210M CPU @ 2.50GHz","8589934592","Mac OS X 10.10.5 x86_64"
"1466251825134","35",":app:prepareComMikepenzMaterialdrawer518Library","true","false","true","26","2016-06-18T12:10:25,134Z","Intel(R) Core(TM) i5-3210M CPU @ 2.50GHz","8589934592","Mac OS X 10.10.5 x86_64"
"1466251825134","36",":app:prepareComMikepenzMaterialize088Library","true","false","true","10","2016-06-18T12:10:25,134Z","Intel(R) Core(TM) i5-3210M CPU @ 2.50GHz","8589934592","Mac OS X 10.10.5 x86_64"
"1466251825134","37",":app:prepareComMixpanelAndroidMixpanelAndroid431Library","true","false","true","52","2016-06-18T12:10:25,134Z","Intel(R) Core(TM) i5-3210M CPU @ 2.50GHz","8589934592","Mac OS X 10.10.5 x86_64"
"1466251825134","38",":app:prepareComSquareupAndroidTimesSquare165Library","true","false","true","29","2016-06-18T12:10:25,134Z","Intel(R) Core(TM) i5-3210M CPU @ 2.50GHz","8589934592","Mac OS X 10.10.5 x86_64"
"1466251825134","39",":app:prepareComSquareupLeakcanaryLeakcanaryAndroid14Beta2Library","true","false","true","25","2016-06-18T12:10:25,134Z","Intel(R) Core(TM) i5-3210M CPU @ 2.50GHz","8589934592","Mac OS X 10.10.5 x86_64"
"1466251825134","40",":app:prepareIoReactivexRxandroid110Library","true","false","true","12","2016-06-18T12:10:25,134Z","Intel(R) Core(TM) i5-3210M CPU @ 2.50GHz","8589934592","Mac OS X 10.10.5 x86_64"
"1466251825134","41",":app:prepareIoRealmRealmAndroidLibrary100Library","true","false","true","16","2016-06-18T12:10:25,134Z","Intel(R) Core(TM) i5-3210M CPU @ 2.50GHz","8589934592","Mac OS X 10.10.5 x86_64"
"1466251825134","42",":app:prepareMeZhanghaiAndroidMaterialprogressbarLibrary115Library","true","false","true","15","2016-06-18T12:10:25,134Z","Intel(R) Core(TM) i5-3210M CPU @ 2.50GHz","8589934592","Mac OS X 10.10.5 x86_64"
"1466251825134","43",":app:prepareNetGotevUploadservice21Library","true","false","true","11","2016-06-18T12:10:25,134Z","Intel(R) Core(TM) i5-3210M CPU @ 2.50GHz","8589934592","Mac OS X 10.10.5 x86_64"
"1466251825134","44",":app:prepareNetGotevUploadserviceOkhttp21Library","true","false","true","14","2016-06-18T12:10:25,134Z","Intel(R) Core(TM) i5-3210M CPU @ 2.50GHz","8589934592","Mac OS X 10.10.5 x86_64"
"1466251825134","45",":app:prepareEnv_testDebugDependencies","true","true","false","4","2016-06-18T12:10:25,134Z","Intel(R) Core(TM) i5-3210M CPU @ 2.50GHz","8589934592","Mac OS X 10.10.5 x86_64"
"1466251825134","46",":app:compileEnv_testDebugRenderscript","true","false","true","64","2016-06-18T12:10:25,134Z","Intel(R) Core(TM) i5-3210M CPU @ 2.50GHz","8589934592","Mac OS X 10.10.5 x86_64"
"1466251825134","47",":app:generateEnv_testDebugResValues","true","false","true","40","2016-06-18T12:10:25,134Z","Intel(R) Core(TM) i5-3210M CPU @ 2.50GHz","8589934592","Mac OS X 10.10.5 x86_64"
"1466251825134","48",":app:processEnv_testDebugGoogleServices","true","true","false","38","2016-06-18T12:10:25,134Z","Intel(R) Core(TM) i5-3210M CPU @ 2.50GHz","8589934592","Mac OS X 10.10.5 x86_64"
"1466251825134","49",":app:generateEnv_testDebugResources","true","false","false","1","2016-06-18T12:10:25,134Z","Intel(R) Core(TM) i5-3210M CPU @ 2.50GHz","8589934592","Mac OS X 10.10.5 x86_64"
"1466251825134","50",":app:mergeEnv_testDebugResources","true","false","true","999","2016-06-18T12:10:25,134Z","Intel(R) Core(TM) i5-3210M CPU @ 2.50GHz","8589934592","Mac OS X 10.10.5 x86_64"
"1466251825134","51",":app:dataBindingProcessLayoutsEnv_testDebug","true","false","true","706","2016-06-18T12:10:25,134Z","Intel(R) Core(TM) i5-3210M CPU @ 2.50GHz","8589934592","Mac OS X 10.10.5 x86_64"
"1466251825134","52",":app:compileEnv_testDebugAidl","true","false","true","57","2016-06-18T12:10:25,134Z","Intel(R) Core(TM) i5-3210M CPU @ 2.50GHz","8589934592","Mac OS X 10.10.5 x86_64"
"1466251825134","53",":app:generateEnv_testDebugBuildConfig","true","false","true","35","2016-06-18T12:10:25,134Z","Intel(R) Core(TM) i5-3210M CPU @ 2.50GHz","8589934592","Mac OS X 10.10.5 x86_64"
"1466251825134","54",":app:mergeEnv_testDebugShaders","true","false","true","15","2016-06-18T12:10:25,134Z","Intel(R) Core(TM) i5-3210M CPU @ 2.50GHz","8589934592","Mac OS X 10.10.5 x86_64"
"1466251825134","55",":app:compileEnv_testDebugShaders","true","false","true","23","2016-06-18T12:10:25,134Z","Intel(R) Core(TM) i5-3210M CPU @ 2.50GHz","8589934592","Mac OS X 10.10.5 x86_64"
"1466251825134","56",":app:generateEnv_testDebugAssets","true","false","true","1","2016-06-18T12:10:25,134Z","Intel(R) Core(TM) i5-3210M CPU @ 2.50GHz","8589934592","Mac OS X 10.10.5 x86_64"
"1466251825134","57",":app:mergeEnv_testDebugAssets","true","false","true","48","2016-06-18T12:10:25,134Z","Intel(R) Core(TM) i5-3210M CPU @ 2.50GHz","8589934592","Mac OS X 10.10.5 x86_64"
"1466251825134","58",":app:processEnv_testDebugManifest","true","false","true","35","2016-06-18T12:10:25,134Z","Intel(R) Core(TM) i5-3210M CPU @ 2.50GHz","8589934592","Mac OS X 10.10.5 x86_64"
"1466251825134","59",":app:processEnv_testDebugResources","true","false","true","117","2016-06-18T12:10:25,134Z","Intel(R) Core(TM) i5-3210M CPU @ 2.50GHz","8589934592","Mac OS X 10.10.5 x86_64"
"1466251825134","60",":app:generateEnv_testDebugSources","true","false","true","1","2016-06-18T12:10:25,134Z","Intel(R) Core(TM) i5-3210M CPU @ 2.50GHz","8589934592","Mac OS X 10.10.5 x86_64"
"1466251825134","61",":app:dataBindingExportBuildInfoEnv_testDebug","true","false","true","107","2016-06-18T12:10:25,134Z","Intel(R) Core(TM) i5-3210M CPU @ 2.50GHz","8589934592","Mac OS X 10.10.5 x86_64"
"1466251825134","62",":app:incrementalEnv_testDebugJavaCompilationSafeguard","true","false","true","24","2016-06-18T12:10:25,134Z","Intel(R) Core(TM) i5-3210M CPU @ 2.50GHz","8589934592","Mac OS X 10.10.5 x86_64"
"1466251825134","63",":app:compileEnv_testDebugJavaWithJavac","true","false","true","413","2016-06-18T12:10:25,134Z","Intel(R) Core(TM) i5-3210M CPU @ 2.50GHz","8589934592","Mac OS X 10.10.5 x86_64"
"1466251825134","64",":app:compileEnv_testDebugNdk","true","false","true","2","2016-06-18T12:10:25,134Z","Intel(R) Core(TM) i5-3210M CPU @ 2.50GHz","8589934592","Mac OS X 10.10.5 x86_64"
"1466251825134","65",":app:compileEnv_testDebugSources","true","false","true","1","2016-06-18T12:10:25,134Z","Intel(R) Core(TM) i5-3210M CPU @ 2.50GHz","8589934592","Mac OS X 10.10.5 x86_64"
"1466251825134","66",":app:prePackageMarkerForEnv_testDebug","true","true","false","68","2016-06-18T12:10:25,134Z","Intel(R) Core(TM) i5-3210M CPU @ 2.50GHz","8589934592","Mac OS X 10.10.5 x86_64"
"1466251825134","67",":app:unzipJacocoAgent","true","false","true","74","2016-06-18T12:10:25,134Z","Intel(R) Core(TM) i5-3210M CPU @ 2.50GHz","8589934592","Mac OS X 10.10.5 x86_64"
"1466251825134","68",":app:transformClassesWithJacocoForEnv_testDebug","true","false","true","313","2016-06-18T12:10:25,134Z","Intel(R) Core(TM) i5-3210M CPU @ 2.50GHz","8589934592","Mac OS X 10.10.5 x86_64"
"1466251825134","69",":app:transformClassesWithRealmTransformerForEnv_testDebug","true","false","true","418","2016-06-18T12:10:25,134Z","Intel(R) Core(TM) i5-3210M CPU @ 2.50GHz","8589934592","Mac OS X 10.10.5 x86_64"
"1466251825134","70",":app:transformClassesWithJarMergingForEnv_testDebug","true","false","true","72","2016-06-18T12:10:25,134Z","Intel(R) Core(TM) i5-3210M CPU @ 2.50GHz","8589934592","Mac OS X 10.10.5 x86_64"
"1466251825134","71",":app:collectEnv_testDebugMultiDexComponents","true","false","true","9","2016-06-18T12:10:25,134Z","Intel(R) Core(TM) i5-3210M CPU @ 2.50GHz","8589934592","Mac OS X 10.10.5 x86_64"
"1466251825134","72",":app:transformClassesWithMultidexlistForEnv_testDebug","true","false","true","20","2016-06-18T12:10:25,134Z","Intel(R) Core(TM) i5-3210M CPU @ 2.50GHz","8589934592","Mac OS X 10.10.5 x86_64"
"1466251825134","73",":app:transformClassesWithDexForEnv_testDebug","true","false","true","21","2016-06-18T12:10:25,134Z","Intel(R) Core(TM) i5-3210M CPU @ 2.50GHz","8589934592","Mac OS X 10.10.5 x86_64"
"1466251825134","74",":app:mergeEnv_testDebugJniLibFolders","true","false","true","16","2016-06-18T12:10:25,134Z","Intel(R) Core(TM) i5-3210M CPU @ 2.50GHz","8589934592","Mac OS X 10.10.5 x86_64"
"1466251825134","75",":app:transformNative_libsWithMergeJniLibsForEnv_testDebug","true","false","true","61","2016-06-18T12:10:25,134Z","Intel(R) Core(TM) i5-3210M CPU @ 2.50GHz","8589934592","Mac OS X 10.10.5 x86_64"
"1466251825134","76",":app:processEnv_testDebugJavaRes","true","false","true","5","2016-06-18T12:10:25,134Z","Intel(R) Core(TM) i5-3210M CPU @ 2.50GHz","8589934592","Mac OS X 10.10.5 x86_64"
"1466251825134","77",":app:transformResourcesWithMergeJavaResForEnv_testDebug","true","false","true","22","2016-06-18T12:10:25,134Z","Intel(R) Core(TM) i5-3210M CPU @ 2.50GHz","8589934592","Mac OS X 10.10.5 x86_64"
"1466251825134","78",":app:validateDebugSigning","true","true","false","5","2016-06-18T12:10:25,134Z","Intel(R) Core(TM) i5-3210M CPU @ 2.50GHz","8589934592","Mac OS X 10.10.5 x86_64"
"1466251825134","79",":app:packageEnv_testDebug","true","false","true","39","2016-06-18T12:10:25,134Z","Intel(R) Core(TM) i5-3210M CPU @ 2.50GHz","8589934592","Mac OS X 10.10.5 x86_64"
"1466251825134","80",":app:zipalignEnv_testDebug","true","false","true","16","2016-06-18T12:10:25,134Z","Intel(R) Core(TM) i5-3210M CPU @ 2.50GHz","8589934592","Mac OS X 10.10.5 x86_64"
"1466251825134","81",":app:assembleEnv_testDebug","true","false","true","3","2016-06-18T12:10:25,134Z","Intel(R) Core(TM) i5-3210M CPU @ 2.50GHz","8589934592","Mac OS X 10.10.5 x86_64"
"1466251825134","82",":app:countEnv_testDebugDexMethods","true","false","true","24","2016-06-18T12:10:25,134Z","Intel(R) Core(TM) i5-3210M CPU @ 2.50GHz","8589934592","Mac OS X 10.10.5 x86_64"
